1/1/2017,1443.38,1476.82,1443.80,1465.72,561280000.00
1/2/2017,1465.72,1484.89,1465.72,1482.85,494264992.00
1/3/2017,1482.85,1484.26,1456.69,1456.82,385836992.00
1/4/2017,1456.82,1462.83,1442.51,1457.82,320670016.00
1/5/2017,1457.82,1465.72,1451.36,1454.14,326768000.00
1/8/2017,1454.14,1453.89,1445.66,1447.45,385014016.00
1/9/2017,1447.45,1461.23,1447.50,1458.97,261236992.00
1/10/2017,1458.97,1477.81,1460.60,1476.90,356823008.00
1/11/2017,1476.90,1484.57,1473.71,1476.51,290327008.00
1/12/2017,1476.51,1481.77,1476.26,1479.86,257332992.00
1/15/2017,1479.86,1484.43,1476.25,1477.72,267938000.00
1/16/2017,1477.72,1480.07,1465.53,1466.09,260408992.00
1/17/2017,1466.09,1467.38,1454.99,1463.04,333654016.00
1/18/2017,1463.04,1463.66,1456.95,1462.23,291684992.00
1/19/2017,1462.23,1468.86,1461.42,1462.56,297208992.00
1/22/2017,1462.56,1468.72,1462.41,1465.84,231915008.00
1/23/2017,1465.84,1467.01,1457.85,1457.88,298895008.00
1/24/2017,1457.88,1460.37,1432.99,1432.99,317612992.00
1/25/2017,1432.99,1433.63,1395.91,1396.61,398868000.00
1/26/2017,1396.61,1396.61,1357.31,1375.14,490808000.00
1/30/2017,1375.14,1375.93,1307.62,1309.70,512318016.00
1/31/2017,1309.70,1335.23,1292.98,1326.60,469633984.00
2/1/2017,1326.60,1390.56,1326.60,1389.83,564668032.00
2/2/2017,1389.83,1416.93,1377.19,1382.45,516676000.00
2/5/2017,1382.45,1384.00,1353.76,1364.50,255400992.00
2/6/2017,1364.50,1364.86,1346.19,1348.84,222291008.00
2/7/2017,1348.84,1350.96,1338.06,1344.60,297356992.00
2/8/2017,1344.60,1346.26,1321.23,1322.98,324199008.00
2/9/2017,1322.98,1323.32,1296.20,1296.23,411400992.00
2/12/2017,1296.23,1297.30,1252.42,1252.50,451153984.00
2/13/2017,1252.50,1278.98,1218.86,1278.98,462281984.00
2/14/2017,1278.98,1284.04,1260.84,1274.97,390963008.00
2/15/2017,1274.97,1316.81,1275.06,1316.80,520287008.00
2/16/2017,1316.80,1345.33,1314.08,1343.85,621523968.00
2/19/2017,1343.85,1369.41,1326.71,1369.35,628798016.00
2/20/2017,1369.35,1394.06,1361.05,1365.11,798889024.00
2/21/2017,1365.11,1385.90,1346.59,1357.57,577590016.00
2/22/2017,1357.57,1358.91,1338.45,1344.11,319015008.00
2/23/2017,1344.11,1344.07,1335.68,1337.46,269056000.00
2/26/2017,1337.46,1338.49,1313.01,1313.01,245987008.00
2/28/2017,1313.01,1313.01,1294.19,1299.29,528111008.00
3/1/2017,1299.29,1316.96,1299.10,1316.80,314716000.00
3/2/2017,1316.80,1329.41,1316.80,1329.41,400524992.00
3/5/2017,1329.41,1358.27,1328.00,1354.34,558435968.00
3/6/2017,1354.34,1371.53,1353.47,1358.41,732656000.00
3/7/2017,1358.41,1358.48,1339.27,1341.56,402360992.00
3/9/2017,1341.56,1353.45,1341.48,1347.53,452680992.00
3/13/2017,1347.53,1359.49,1347.56,1355.23,335582016.00
3/14/2017,1355.23,1360.37,1346.70,1347.09,309343008.00
3/15/2017,1347.09,1358.24,1340.30,1356.13,287448992.00
3/16/2017,1356.13,1359.65,1354.75,1357.34,417496000.00
3/19/2017,1357.34,1382.30,1357.08,1382.19,640144000.00
3/20/2017,1382.19,1424.78,1381.87,1424.38,1205650048.00
3/21/2017,1424.38,1463.09,1412.97,1462.23,1313200000.00
3/22/2017,1462.23,1513.19,1462.23,1481.08,1306419968.00
3/23/2017,1481.08,1495.58,1469.57,1486.04,961484032.00
3/26/2017,1486.04,1546.48,1486.04,1533.83,1511490048.00
3/28/2017,1533.83,1610.67,1533.83,1610.62,1339960064.00
3/29/2017,1610.62,1644.77,1587.21,1588.29,2043980032.00
3/30/2017,1588.29,1600.57,1569.43,1587.64,1447270016.00
4/2/2017,1587.64,1667.11,1587.64,1667.11,903900032.00
4/3/2017,1667.11,1746.82,1648.21,1660.52,2442589952.00
4/4/2017,1660.52,1675.95,1635.22,1657.02,1566310016.00
4/6/2017,1657.02,1666.91,1642.91,1651.04,1351320064.00
4/9/2017,1651.04,1665.55,1644.31,1651.60,1194230016.00
4/10/2017,1651.60,1677.18,1651.28,1676.22,1542029952.00
4/11/2017,1676.22,1710.74,1676.25,1709.82,1860470016.00
4/12/2017,1709.82,1737.91,1702.70,1703.07,1986259968.00
4/13/2017,1703.07,1709.08,1679.68,1697.13,1391820032.00
4/16/2017,1697.13,1704.02,1651.10,1651.61,1163069952.00
4/18/2017,1651.61,1651.74,1603.59,1612.04,1458509952.00
4/19/2017,1612.04,1662.02,1609.80,1662.02,1037200000.00
4/20/2017,1662.02,1684.33,1653.62,1658.34,1299580032.00
4/23/2017,1658.34,1724.54,1659.46,1693.72,1515859968.00
4/24/2017,1693.72,1696.85,1673.08,1675.78,941086976.00
4/25/2017,1675.78,1682.91,1668.71,1672.38,1036600000.00
4/26/2017,1672.38,1677.90,1666.09,1670.30,856094976.00
4/27/2017,1670.30,1679.31,1656.68,1670.62,1063420032.00
4/30/2017,1670.62,1670.69,1648.11,1650.78,747966016.00
5/2/2017,1650.78,1667.97,1642.37,1658.33,874723968.00
5/3/2017,1658.33,1679.82,1658.88,1662.38,864366976.00
5/4/2017,1662.38,1668.30,1652.21,1653.18,752230976.00
5/7/2017,1653.18,1655.72,1625.76,1628.98,668144000.00
5/8/2017,1628.98,1647.21,1627.02,1637.30,560332032.00
5/9/2017,1637.30,1651.09,1637.21,1650.81,597118976.00
5/11/2017,1650.81,1659.05,1650.72,1658.58,840556032.00
5/15/2017,1658.58,1675.57,1658.16,1659.23,596112000.00
5/16/2017,1659.23,1660.52,1647.63,1649.24,447912000.00
5/17/2017,1649.24,1655.09,1644.25,1644.26,574614976.00
5/18/2017,1644.26,1646.04,1635.65,1643.87,757734976.00
5/21/2017,1643.87,1648.35,1625.49,1627.24,641156992.00
5/22/2017,1627.24,1629.38,1612.07,1616.40,513321984.00
5/23/2017,1616.40,1636.14,1611.61,1626.51,754849024.00
5/24/2017,1626.51,1632.11,1615.18,1629.58,629254976.00
5/28/2017,1629.58,1629.90,1611.22,1615.58,723315968.00
5/30/2017,1615.58,1616.07,1592.40,1594.43,732868992.00
5/31/2017,1594.43,1612.80,1582.72,1608.11,649315968.00
6/1/2017,1608.11,1614.85,1604.20,1604.31,562675968.00
6/4/2017,1604.31,1606.13,1590.67,1593.81,527332000.00
6/5/2017,1593.81,1610.30,1593.90,1602.65,546643008.00
6/6/2017,1602.65,1637.39,1602.65,1637.37,896185024.00
6/7/2017,1637.37,1651.29,1622.27,1623.13,752364032.00
6/8/2017,1623.13,1623.50,1610.02,1615.19,474460992.00
6/11/2017,1615.19,1618.98,1589.71,1590.49,646574976.00
6/12/2017,1590.49,1593.39,1577.75,1580.52,482025984.00
6/13/2017,1580.52,1592.02,1576.46,1585.15,468572000.00
6/14/2017,1585.15,1586.92,1581.41,1584.49,530158016.00
6/15/2017,1584.49,1605.01,1578.66,1589.59,612854976.00
6/18/2017,1589.59,1591.90,1574.73,1575.98,533216000.00
6/19/2017,1575.98,1576.82,1554.09,1555.16,614467968.00
6/20/2017,1555.16,1560.35,1542.06,1551.07,552184000.00
6/21/2017,1551.07,1559.07,1548.04,1554.69,425968000.00
6/22/2017,1554.69,1565.56,1554.43,1559.49,494652000.00
6/25/2017,1559.49,1569.94,1559.30,1567.72,582424000.00
6/27/2017,1567.72,1571.72,1563.04,1565.09,578462976.00
6/28/2017,1565.09,1566.35,1559.61,1563.81,450164992.00
7/2/2017,1563.81,1563.93,1539.75,1541.82,520582016.00
7/3/2017,1541.82,1551.98,1541.06,1544.29,402097984.00
7/4/2017,1544.29,1546.13,1540.62,1541.28,354695008.00
7/5/2017,1541.28,1551.07,1537.99,1551.06,455596992.00
7/6/2017,1551.06,1582.52,1550.77,1582.11,712723008.00
7/9/2017,1582.11,1605.39,1561.79,1584.15,1042430016.00
7/10/2017,1584.15,1584.34,1572.00,1575.22,642406976.00
7/11/2017,1575.22,1586.35,1571.75,1585.01,544070976.00
7/12/2017,1585.01,1590.61,1582.06,1587.56,561254016.00
7/13/2017,1587.56,1589.16,1578.94,1582.67,716166976.00
7/16/2017,1582.67,1584.38,1580.08,1583.57,430724000.00
7/17/2017,1583.57,1604.31,1582.48,1604.15,599289984.00
7/18/2017,1604.15,1638.41,1603.76,1638.41,1102710016.00
7/19/2017,1638.41,1652.73,1634.97,1637.27,1107469952.00
7/20/2017,1637.27,1640.34,1633.60,1635.75,907945984.00
7/23/2017,1635.75,1640.30,1633.82,1635.56,1021249984.00
7/24/2017,1635.56,1636.01,1625.09,1629.08,1008200000.00
7/25/2017,1629.08,1645.57,1627.76,1636.19,808281984.00
7/26/2017,1636.19,1649.53,1636.19,1645.03,1109970048.00
7/27/2017,1645.03,1653.20,1637.67,1646.53,1120790016.00
7/30/2017,1646.53,1649.93,1635.42,1643.28,932892992.00
7/31/2017,1643.28,1657.01,1643.28,1652.69,978681024.00
8/1/2017,1652.69,1661.73,1652.36,1660.25,1013820032.00
8/2/2017,1660.25,1668.55,1659.19,1662.74,1019910016.00
8/3/2017,1662.74,1669.00,1658.88,1660.58,1081469952.00
8/6/2017,1660.58,1670.01,1659.99,1665.05,962364992.00
8/7/2017,1665.05,1671.46,1663.26,1667.94,868548992.00
8/9/2017,1667.94,1675.31,1661.25,1661.72,824171008.00
8/10/2017,1661.72,1664.11,1650.20,1653.53,869953984.00
8/13/2017,1653.53,1661.18,1640.84,1642.13,743803008.00
8/15/2017,1642.13,1644.74,1628.04,1629.16,701028992.00
8/16/2017,1629.16,1644.52,1625.01,1632.66,631038976.00
8/17/2017,1632.66,1633.90,1624.05,1629.75,629568000.00
8/20/2017,1629.75,1633.72,1617.06,1617.97,705353984.00
8/21/2017,1617.97,1619.32,1609.41,1611.57,474737984.00
8/22/2017,1611.57,1622.68,1607.18,1614.05,662060032.00
8/23/2017,1614.05,1617.58,1609.89,1611.27,574001024.00
8/24/2017,1611.27,1618.03,1608.96,1617.81,555446976.00
8/27/2017,1617.81,1627.98,1617.86,1622.32,718817984.00
8/28/2017,1622.32,1627.35,1611.91,1612.91,870353984.00
8/30/2017,1612.91,1614.75,1595.92,1598.36,848014976.00
8/31/2017,1598.36,1599.03,1577.68,1580.03,789476992.00
9/4/2017,1580.03,1580.86,1553.87,1554.56,809582016.00
9/6/2017,1554.56,1580.40,1554.56,1566.50,702812032.00
9/7/2017,1566.50,1571.01,1553.99,1554.55,653435008.00
9/10/2017,1554.55,1556.77,1519.12,1519.66,877347968.00
9/11/2017,1519.66,1530.23,1510.23,1523.26,727353984.00
9/12/2017,1523.26,1523.26,1499.55,1502.20,540275008.00
9/13/2017,1502.20,1509.24,1483.96,1493.20,591177984.00
9/14/2017,1493.20,1530.31,1489.40,1530.31,591177984.00
9/17/2017,1530.31,1549.11,1528.94,1547.94,576883008.00
9/18/2017,1547.94,1556.34,1541.31,1543.70,450840992.00
9/20/2017,1543.70,1546.89,1530.23,1539.81,414631008.00
9/24/2017,1539.81,1540.38,1534.61,1536.92,271105984.00
9/25/2017,1536.92,1545.65,1536.85,1545.44,255570000.00
9/26/2017,1545.44,1553.44,1545.34,1549.46,303448000.00
10/3/2017,1549.46,1556.35,1546.10,1556.35,129759000.00
10/4/2017,1556.35,1558.61,1539.89,1542.65,272360992.00
10/8/2017,1542.65,1542.53,1492.20,1510.01,389966016.00
10/9/2017,1510.01,1513.06,1493.83,1501.89,308187008.00
10/10/2017,1501.89,1507.82,1493.97,1502.63,297796000.00
10/11/2017,1502.63,1513.38,1499.38,1505.99,274908000.00
10/12/2017,1505.99,1512.30,1505.52,1510.02,386200992.00
10/15/2017,1510.02,1518.47,1507.95,1518.28,498376000.00
10/16/2017,1518.28,1564.99,1518.28,1564.90,545788032.00
10/17/2017,1564.90,1573.91,1552.12,1559.18,554140032.00
10/18/2017,1559.18,1568.52,1548.32,1568.35,350052000.00
10/22/2017,1568.35,1586.89,1567.96,1571.92,346168992.00
10/23/2017,1571.92,1575.67,1564.48,1568.30,377179008.00
10/24/2017,1568.30,1572.40,1562.56,1567.64,377179008.00
10/25/2017,1567.64,1568.06,1552.91,1553.72,409729984.00
10/29/2017,1553.72,1555.21,1539.41,1540.23,373524000.00
10/30/2017,1540.23,1542.91,1534.20,1536.72,389572000.00
10/31/2017,1536.72,1539.94,1528.12,1533.53,339512992.00
11/1/2017,1533.53,1535.88,1523.52,1526.51,368937984.00
11/2/2017,1526.51,1527.08,1519.77,1522.81,360876000.00
11/5/2017,1522.81,1524.43,1489.17,1496.46,581257024.00
11/6/2017,1496.46,1503.43,1480.32,1493.42,486160000.00
11/7/2017,1493.42,1503.32,1483.92,1484.45,377729984.00
11/8/2017,1484.45,1484.54,1459.40,1466.62,446584992.00
11/9/2017,1466.62,1475.83,1452.24,1460.73,444492992.00
11/12/2017,1460.73,1477.19,1456.66,1477.14,323486016.00
11/13/2017,1477.14,1492.02,1476.86,1490.88,514395008.00
11/14/2017,1490.88,1521.87,1490.82,1516.02,681294016.00
11/15/2017,1516.02,1521.01,1503.97,1504.79,584502016.00
11/16/2017,1504.79,1506.81,1488.52,1489.06,416516000.00
11/19/2017,1489.06,1494.20,1475.04,1475.72,424575008.00
11/20/2017,1475.72,1476.53,1467.07,1469.16,354720000.00
11/21/2017,1469.16,1481.30,1465.89,1472.24,290092000.00
11/22/2017,1469.16,1482.05,1470.97,1480.26,295387008.00
11/23/2017,1480.26,1494.10,1480.26,1493.29,426372000.00
11/26/2017,1493.29,1516.73,1493.29,1514.34,588665984.00
11/27/2017,1514.34,1521.15,1508.22,1513.74,640464000.00
11/28/2017,1513.74,1524.01,1510.23,1523.86,542232000.00
11/29/2017,1523.86,1548.67,1523.86,1536.12,1009910016.00
11/30/2017,1536.12,1540.84,1527.14,1537.67,714825984.00
12/4/2017,1537.67,1544.93,1524.54,1526.77,525312992.00
12/5/2017,1526.77,1528.63,1517.99,1524.87,490348992.00
12/6/2017,1524.87,1537.51,1524.36,1536.54,608851968.00
12/10/2017,1536.54,1556.84,1529.12,1530.49,807576000.00
12/11/2017,1530.49,1533.01,1520.19,1527.75,379048000.00
12/12/2017,1527.75,1530.84,1509.86,1510.21,556129984.00
12/13/2017,1510.21,1520.81,1504.13,1520.74,430999008.00
12/14/2017,1520.74,1524.39,1515.16,1520.15,404048000.00
12/17/2017,1520.15,1520.95,1505.84,1509.14,479945984.00
12/18/2017,1509.14,1516.90,1507.68,1508.25,518272992.00
12/19/2017,1508.25,1510.96,1493.00,1493.76,490559008.00
12/20/2017,1493.76,1494.06,1482.52,1484.47,391591008.00
12/21/2017,1484.47,1487.16,1470.64,1472.15,447976000.00
12/24/2017,1472.15,1481.06,1466.46,1467.68,500308000.00
12/26/2017,1467.68,1470.84,1445.25,1447.04,523652992.00
12/27/2017,1447.04,1447.30,1421.29,1425.51,643049984.00
12/28/2017,1425.51,1427.47,1409.31,1414.78,732625984.00
12/31/2017,1414.78,1414.87,1382.33,1390.58,422227008.00
1/1/2018,1390.58,1434.95,1390.59,1434.80,462478016.00
1/2/2018,1434.80,1453.85,1429.85,1437.24,603081984.00
1/3/2018,1437.24,1439.24,1414.96,1416.61,435828992.00
1/4/2018,1416.61,1423.83,1414.74,1423.83,365937984.00
1/7/2018,1423.83,1435.23,1422.31,1431.80,316608992.00
1/8/2018,1431.80,1448.78,1431.80,1443.80,444126016.00
1/9/2018,1443.80,1457.90,1441.88,1456.07,459059008.00
1/10/2018,1456.07,1457.89,1439.87,1440.29,356148000.00
1/14/2018,1440.29,1442.03,1426.45,1431.10,316456000.00
1/16/2018,1431.10,1431.17,1408.88,1413.71,340700992.00
1/17/2018,1413.71,1413.77,1399.39,1406.52,398921984.00
1/21/2018,1406.52,1413.45,1402.31,1402.67,381268992.00
1/22/2018,1402.67,1407.28,1400.60,1402.09,336096000.00
1/23/2018,1402.09,1402.94,1392.09,1393.04,301217984.00
1/24/2018,1393.04,1397.10,1391.35,1394.73,218552000.00
1/25/2018,1394.73,1404.53,1394.28,1404.53,271240000.00
1/28/2018,1404.53,1411.68,1403.46,1405.95,341291008.00
1/29/2018,1405.95,1407.86,1397.73,1402.23,261374000.00
1/31/2018,1402.23,1405.99,1399.67,1404.49,291264000.00
2/1/2018,1404.49,1415.18,1403.15,1411.52,396398016.00
2/4/2018,1404.49,1418.21,1409.62,1410.51,440143008.00
2/5/2018,1404.49,1413.14,1399.20,1400.05,287900992.00
2/6/2018,1400.05,1401.58,1393.16,1394.03,222879008.00
2/7/2018,1394.03,1395.25,1380.99,1382.02,255580000.00
2/8/2018,1382.02,1391.12,1378.58,1391.03,256940000.00
2/11/2018,1391.03,1394.37,1383.95,1384.71,194698000.00
2/12/2018,1384.71,1385.87,1378.64,1380.29,218002000.00
2/14/2018,1380.29,1389.04,1376.18,1388.94,277982016.00
2/15/2018,1388.94,1426.56,1388.94,1424.95,628467008.00
2/18/2018,1424.95,1444.94,1413.07,1413.90,567721984.00
2/20/2018,1413.90,1424.38,1396.59,1396.72,310777984.00
2/21/2018,1396.72,1397.66,1386.00,1387.08,244471008.00
2/22/2018,1387.08,1395.40,1382.04,1386.98,330896992.00
2/25/2018,1386.98,1389.31,1374.08,1374.73,252644000.00
2/26/2018,1374.73,1379.78,1356.64,1358.95,446529984.00
2/27/2018,1358.95,1377.62,1358.69,1364.81,437884992.00
2/28/2018,1364.81,1364.96,1343.80,1345.99,491740992.00
3/4/2018,1345.99,1345.79,1291.42,1304.43,440904000.00
3/5/2018,1304.43,1319.54,1286.19,1287.74,371527008.00
3/6/2018,1287.74,1306.10,1267.23,1296.44,430979008.00
3/7/2018,1296.44,1315.13,1295.83,1315.13,422131008.00
3/11/2018,1315.13,1315.51,1283.85,1284.09,303252992.00
3/12/2018,1284.09,1289.52,1273.03,1277.01,297712992.00
3/13/2018,1277.01,1281.90,1276.68,1281.90,226427008.00
3/14/2018,1281.90,1285.96,1279.28,1285.96,168392000.00
3/15/2018,1285.96,1298.68,1284.75,1288.36,221290000.00
3/18/2018,1288.36,1292.72,1277.53,1278.96,266955008.00
3/19/2018,1278.96,1281.34,1269.25,1270.52,256922000.00
3/20/2018,1270.52,1271.13,1249.60,1255.47,302363008.00
3/21/2018,1255.47,1257.52,1224.39,1231.07,360376992.00
3/22/2018,1231.07,1238.61,1207.56,1220.44,431647008.00
3/26/2018,1220.44,1220.44,1166.01,1168.55,453727008.00
3/27/2018,1168.55,1217.39,1134.92,1207.71,468104000.00
3/28/2018,1207.71,1222.95,1187.04,1204.81,493057984.00
3/29/2018,1204.81,1222.58,1204.69,1220.29,321771008.00
4/1/2018,1204.81,1222.63,1185.51,1196.24,293590016.00
4/2/2018,1196.24,1199.78,1191.24,1192.96,184803008.00
4/3/2018,1192.96,1200.35,1188.51,1199.00,213594000.00
4/4/2018,1199.00,1227.97,1199.06,1226.45,318393984.00
4/5/2018,1226.45,1250.49,1226.45,1250.39,605590976.00
4/8/2018,1250.39,1303.30,1250.19,1294.65,885886976.00
4/9/2018,1294.65,1316.60,1286.76,1287.78,796424000.00
4/10/2018,1287.78,1292.00,1266.85,1270.23,333681984.00
4/11/2018,1270.23,1273.35,1257.92,1273.33,250412000.00
4/12/2018,1273.33,1285.54,1273.37,1277.55,404896992.00
4/15/2018,1277.55,1280.90,1259.21,1280.15,292868992.00
4/16/2018,1280.15,1302.10,1277.01,1297.57,560924992.00
4/17/2018,1297.57,1334.45,1297.58,1331.18,916345984.00
4/18/2018,1331.18,1392.16,1327.78,1363.01,1064979968.00
4/19/2018,1363.01,1391.74,1361.18,1388.31,1044529984.00
4/22/2018,1388.31,1438.57,1388.66,1438.49,1154540032.00
4/23/2018,1438.49,1461.21,1398.41,1410.85,1457789952.00
4/24/2018,1410.85,1413.99,1391.19,1394.86,688872000.00
4/25/2018,1394.86,1399.46,1384.59,1386.47,529377984.00
4/26/2018,1386.47,1392.63,1354.19,1357.22,567923968.00
4/29/2018,1357.22,1362.66,1337.93,1349.01,378035008.00
5/2/2018,1349.01,1360.87,1335.39,1360.38,362500000.00
5/3/2018,1360.38,1376.68,1360.41,1366.15,710668992.00
5/6/2018,1366.15,1366.67,1353.40,1353.64,345672992.00
5/7/2018,1353.64,1353.79,1344.00,1345.37,406921984.00
5/8/2018,1345.37,1361.02,1344.32,1361.02,476043008.00
5/9/2018,1361.02,1365.62,1352.67,1356.15,331771008.00
5/10/2018,1356.15,1356.93,1348.45,1348.45,332507008.00
5/14/2018,1348.45,1350.14,1337.44,1338.17,395136992.00
5/15/2018,1338.17,1341.18,1332.41,1333.85,136671008.00
5/16/2018,1333.85,1338.45,1333.54,1338.01,213126000.00
5/17/2018,1338.01,1348.12,1337.65,1339.65,276532000.00
5/20/2018,1339.65,1356.94,1335.94,1339.19,322665984.00
5/21/2018,1339.19,1340.72,1332.27,1337.13,300710016.00
5/22/2018,1337.15,1338.29,1331.81,1332.82,310732992.00
5/23/2018,1332.82,1333.05,1326.28,1328.27,290099008.00
5/24/2018,1328.27,1331.02,1317.34,1318.22,364064992.00
5/27/2018,1318.22,1318.30,1300.13,1300.41,368198016.00
5/28/2018,1300.41,1336.71,1291.34,1336.39,397385984.00
5/29/2018,1336.39,1340.60,1322.34,1327.21,407628992.00
5/30/2018,1327.21,1341.71,1318.24,1322.27,428747008.00
5/31/2018,1327.21,1323.11,1305.61,1307.66,327692000.00
6/3/2018,1307.66,1307.63,1273.02,1273.95,496812000.00
6/4/2018,1273.95,1281.98,1258.58,1268.84,403524992.00
6/6/2018,1268.84,1295.82,1268.91,1282.75,189312992.00
6/7/2018,1282.75,1285.84,1256.75,1257.07,413830016.00
6/10/2018,1257.07,1259.04,1231.06,1231.64,427745984.00
6/11/2018,1231.64,1252.70,1223.78,1241.19,371065984.00
6/12/2018,1241.19,1244.85,1230.42,1239.26,271081984.00
6/13/2018,1239.26,1243.10,1235.01,1242.07,189940992.00
6/14/2018,1239.26,1252.87,1241.85,1247.30,269468000.00
6/17/2018,1247.30,1248.62,1232.41,1233.23,226919008.00
6/18/2018,1233.23,1235.15,1221.92,1235.15,188058000.00
6/19/2018,1235.15,1236.48,1223.93,1226.18,189708992.00
6/20/2018,1226.18,1226.83,1217.46,1217.84,242912992.00
6/21/2018,1217.84,1225.43,1211.31,1218.46,170062000.00
6/24/2018,1218.46,1227.74,1216.21,1219.81,173104992.00
6/25/2018,1219.81,1220.76,1209.02,1210.09,178132000.00
6/26/2018,1210.09,1211.17,1194.35,1194.80,208990000.00
6/27/2018,1194.80,1205.53,1190.95,1199.42,159571008.00
6/28/2018,1199.42,1203.96,1197.34,1198.54,219600992.00
7/1/2018,1198.54,1199.05,1183.52,1184.53,187736992.00
7/2/2018,1184.53,1187.04,1174.83,1179.71,196692992.00
7/3/2018,1179.71,1183.03,1174.56,1180.36,180480000.00
7/4/2018,1180.36,1190.17,1175.88,1188.40,226062000.00
7/5/2018,1188.40,1224.41,1188.37,1224.41,445847008.00
7/8/2018,1224.41,1240.93,1224.37,1224.39,453251008.00
7/9/2018,1224.39,1226.09,1204.95,1206.43,381536000.00
7/10/2018,1206.43,1214.45,1202.79,1205.93,252370000.00
7/11/2018,1205.93,1221.75,1204.29,1205.64,353544992.00
7/12/2018,1205.64,1210.60,1190.09,1191.98,372244992.00
7/15/2018,1191.98,1200.31,1192.00,1200.09,160974000.00
7/16/2018,1200.09,1212.36,1197.06,1212.36,93616400.00
7/17/2018,1212.36,1214.85,1202.85,1204.31,192836992.00
7/18/2018,1204.31,1205.15,1196.21,1198.77,163767008.00
7/19/2018,1198.77,1199.54,1192.78,1193.39,239239008.00
7/22/2018,1193.39,1194.00,1181.12,1181.66,198144992.00
7/23/2018,1181.66,1194.90,1181.40,1194.50,178876992.00
7/24/2018,1194.50,1213.15,1194.09,1199.27,281844992.00
7/25/2018,1194.50,1200.00,1192.26,1194.35,148591008.00
7/26/2018,1194.35,1197.00,1188.15,1191.20,179884992.00
7/29/2018,1191.20,1196.79,1191.20,1194.82,175888992.00
7/30/2018,1194.82,1198.56,1193.17,1194.38,271272992.00
7/31/2018,1194.38,1196.56,1189.77,1191.47,162706000.00
8/1/2018,1191.47,1194.61,1190.04,1193.87,166588000.00
8/2/2018,1193.87,1195.94,1191.13,1191.31,185231008.00
8/5/2018,1191.31,1192.53,1188.44,1189.88,158752992.00
8/6/2018,1189.88,1192.97,1188.05,1189.67,156654000.00
8/7/2018,1189.67,1192.06,1186.26,1188.21,171795008.00
8/8/2018,1188.21,1190.30,1186.09,1187.32,139159008.00
8/9/2018,1187.32,1189.23,1179.25,1180.63,185994000.00
8/12/2018,1180.63,1181.58,1163.41,1163.94,240828992.00
8/13/2018,1163.94,1174.62,1161.96,1174.37,162339008.00
8/14/2018,1174.37,1181.39,1170.09,1180.98,179439008.00
8/15/2018,1180.98,1210.09,1180.99,1209.71,315848000.00
8/16/2018,1209.71,1218.71,1203.14,1210.32,410744992.00
8/19/2018,1210.32,1210.75,1195.70,1196.29,281052992.00
8/20/2018,1196.29,1196.84,1185.82,1188.07,193962000.00
8/21/2018,1188.08,1188.27,1181.98,1183.89,173720000.00
8/22/2018,1183.89,1185.34,1180.26,1182.42,105630000.00
8/23/2018,1182.42,1183.13,1175.35,1178.50,261260992.00
8/26/2018,1178.50,1178.67,1175.50,1175.72,131823000.00
8/28/2018,1175.72,1177.09,1172.78,1177.09,176827008.00
8/29/2018,1177.09,1177.79,1171.00,1172.30,177668000.00
8/30/2018,1172.30,1181.69,1170.69,1181.69,214779008.00
9/2/2018,1181.69,1191.93,1178.59,1190.28,283239008.00
9/3/2018,1190.28,1213.86,1190.27,1206.26,519075008.00
9/4/2018,1206.26,1214.20,1202.68,1210.24,405795008.00
9/5/2018,1210.24,1243.61,1210.30,1234.13,690163008.00
9/6/2018,1234.15,1247.35,1224.25,1229.77,695782016.00
9/9/2018,1229.77,1230.37,1217.33,1218.98,298512992.00
9/10/2018,1218.98,1220.25,1206.88,1210.88,234584000.00
9/11/2018,1210.88,1224.60,1210.88,1217.65,314528000.00
9/12/2018,1217.65,1230.96,1215.62,1230.71,399812000.00
9/13/2018,1230.71,1246.24,1230.80,1244.84,687436992.00
9/16/2018,1244.84,1270.19,1244.99,1256.53,886097024.00
9/17/2018,1256.55,1261.19,1247.90,1256.40,579804992.00
9/18/2018,1256.40,1261.61,1251.25,1258.81,440420000.00
9/20/2018,1258.81,1260.96,1249.78,1255.07,528860992.00
9/23/2018,1255.09,1260.39,1250.90,1257.68,618721024.00
9/25/2018,1257.68,1283.45,1257.74,1280.05,1051049984.00
9/26/2018,1280.05,1288.52,1270.05,1277.74,890030016.00
9/27/2018,1277.74,1278.71,1266.18,1267.18,492740992.00
9/30/2018,1267.18,1267.76,1253.44,1256.71,561558976.00
10/1/2018,1256.71,1258.26,1237.97,1238.67,524752000.00
10/2/2018,1238.67,1247.44,1237.53,1241.36,440748992.00
10/3/2018,1241.36,1242.27,1230.60,1230.60,365169984.00
10/4/2018,1230.60,1231.84,1221.33,1227.37,365169984.00
10/7/2018,1227.37,1227.37,1212.88,1214.36,378448000.00
10/8/2018,1214.36,1222.78,1213.36,1220.52,360992992.00
10/9/2018,1220.52,1227.07,1217.06,1217.93,336793984.00
10/10/2018,1217.93,1218.86,1213.58,1218.33,218171008.00
10/11/2018,1218.33,1228.28,1214.77,1228.28,231244000.00
10/14/2018,1228.28,1242.43,1228.16,1242.43,265802000.00
10/15/2018,1242.43,1246.14,1241.48,1241.63,306736992.00
10/21/2018,1241.63,1248.51,1241.15,1246.52,136048000.00
10/22/2018,1246.52,1248.09,1240.58,1244.54,167090000.00
10/23/2018,1244.54,1246.22,1238.63,1241.84,192782000.00
10/24/2018,1241.84,1250.45,1239.01,1249.93,218378000.00
10/25/2018,1249.93,1250.30,1240.58,1241.11,270716000.00
10/28/2018,1241.11,1241.82,1225.38,1227.49,300731008.00
10/29/2018,1227.49,1227.49,1215.82,1216.93,214403008.00
10/30/2018,1216.93,1224.36,1216.00,1224.36,213728000.00
10/31/2018,1224.36,1224.99,1218.83,1221.46,158274000.00
11/1/2018,1221.46,1223.76,1217.46,1220.98,241964000.00
11/4/2018,1220.98,1221.22,1206.48,1207.28,280206016.00
11/5/2018,1207.28,1219.75,1205.81,1219.20,239046000.00
11/6/2018,1222.53,1222.53,1222.53,1222.53,33213900.00
11/11/2018,1224.39,1224.39,1205.22,1205.22,98566496.00
11/12/2018,1204.64,1204.64,1192.22,1193.34,132057000.00
11/13/2018,1192.87,1209.10,1191.72,1207.57,166104000.00
11/14/2018,1208.28,1209.23,1203.58,1208.89,178260736.00
11/15/2018,1208.89,1213.63,1205.20,1205.02,236074000.00
11/18/2018,1203.94,1204.79,1194.18,1195.45,319399008.00
11/19/2018,1196.08,1196.15,1187.96,1190.20,207570000.00
11/20/2018,1189.97,1190.15,1181.66,1181.75,171414000.00
11/21/2018,1182.17,1182.74,1176.45,1182.55,227711008.00
11/22/2018,1184.01,1184.92,1181.34,1181.24,248907008.00
11/25/2018,1181.96,1182.44,1166.01,1166.63,244220992.00
11/26/2018,1166.59,1167.19,1159.31,1159.82,293713984.00
11/27/2018,1159.75,1167.17,1159.75,1161.49,218848992.00
11/28/2018,1161.50,1162.98,1158.75,1159.08,396228000.00
11/29/2018,1159.07,1160.42,1148.13,1148.36,314926016.00
12/2/2018,1148.29,1148.36,1129.89,1130.89,451952000.00
12/3/2018,1130.31,1144.00,1128.91,1131.73,622254976.00
12/4/2018,1133.00,1142.01,1131.15,1142.01,363332992.00
12/5/2018,1140.99,1142.06,1117.45,1118.13,329556992.00
12/6/2018,1117.97,1126.00,1109.32,1120.84,338912992.00
12/9/2018,1121.16,1128.45,1121.10,1131.70,218708992.00
12/10/2018,1131.43,1145.61,1131.43,1144.19,386500000.00
12/11/2018,1143.85,1145.75,1139.95,1141.10,370360992.00
12/12/2018,1140.83,1143.70,1137.67,1141.18,208110000.00
12/13/2018,1141.25,1153.17,1140.54,1148.78,298800000.00
12/16/2018,1149.23,1168.59,1149.23,1167.67,437036992.00
12/17/2018,1167.55,1182.81,1166.06,1182.78,360561984.00
12/18/2018,1183.12,1185.36,1165.59,1168.17,512580992.00
12/19/2018,1168.29,1171.58,1158.88,1162.70,342703008.00
12/20/2018,1162.65,1173.80,1162.65,1165.97,393798016.00
12/23/2018,1166.33,1198.18,1166.33,1198.18,756868992.00
12/24/2018,1198.26,1207.88,1190.86,1191.74,695494976.00
12/25/2018,1192.61,1192.95,1182.41,1186.03,337190016.00
12/26/2018,1186.11,1216.27,1184.30,1216.27,679681024.00
12/27/2018,1216.57,1232.74,1211.72,1215.16,1097720064.00
12/30/2018,1215.14,1219.29,1204.24,1204.54,433888992.00
12/31/2018,1204.68,1207.25,1188.19,1188.19,390624000.00
1/1/2019,1187.30,1196.18,1183.84,1185.91,227166000.00
1/2/2019,1185.91,1186.90,1180.43,1180.43,246231008.00
1/3/2019,1180.47,1184.95,1178.06,1178.87,262468000.00
1/6/2019,1178.25,1181.58,1170.11,1170.79,298870016.00
1/7/2019,1170.72,1181.17,1170.36,1177.46,322203008.00
1/8/2019,1177.87,1180.85,1177.15,1177.07,332627008.00
1/9/2019,1177.87,1177.07,1183.12,1179.36,275980992.00
1/10/2019,1179.36,1183.19,1179.36,1180.84,344812992.00
1/13/2019,1181.53,1182.44,1173.46,1175.05,353560000.00
1/15/2019,1180.98,1195.54,1180.78,1195.54,391993984.00
1/16/2019,1195.54,1200.32,1187.97,1187.97,474423008.00
1/17/2019,1190.66,1190.66,1186.52,1187.77,281347008.00
1/14/2019,1175.05,1179.00,1175.00,1178.03,259270000.00
1/20/2019,1190.67,1191.41,1177.02,1179.17,361756992.00
1/21/2019,1175.68,1175.68,1167.69,1167.69,335558016.00
1/22/2019,1164.56,1172.03,1163.58,1168.83,277291008.00
1/23/2019,1168.14,1172.98,1167.99,1172.98,238475008.00
1/24/2019,1172.27,1175.42,1170.54,1172.78,306295008.00
1/27/2019,1171.35,1171.72,1160.84,1160.84,306070016.00
1/28/2019,1162.94,1164.89,1161.48,1164.89,203579008.00
1/29/2019,1164.91,1165.09,1160.10,1160.99,259283008.00
1/30/2019,1160.53,1163.27,1159.35,1160.59,190572992.00
1/31/2019,1162.34,1163.86,1160.26,1161.63,268244992.00
2/3/2019,1160.57,1161.22,1152.16,1153.06,321743008.00
2/4/2019,1152.98,1155.08,1144.27,1144.27,322760992.00
2/5/2019,1143.58,1149.40,1143.39,1147.10,221967008.00
2/6/2019,1147.23,1147.31,1139.09,1139.72,226248992.00
2/7/2019,1139.29,1140.62,1137.14,1139.57,242260000.00
2/10/2019,1138.62,1138.86,1125.83,1127.53,228292000.00
2/11/2019,1126.46,1132.37,1124.51,1128.86,191024000.00
2/12/2019,1131.32,1132.50,1126.42,1128.19,156376000.00
2/13/2019,1129.86,1132.39,1121.08,1121.08,230651008.00
2/14/2019,1120.19,1120.30,1112.15,1112.87,231671008.00
2/17/2019,1117.70,1122.10,1107.92,1109.72,194344992.00
2/18/2019,1110.27,1111.14,1101.81,1102.51,208487008.00
2/19/2019,1103.35,1124.23,1102.30,1124.23,202684000.00
2/20/2019,1128.97,1128.97,1112.33,1112.23,154584000.00
2/21/2019,1113.60,1114.14,1110.15,1113.07,157692000.00
2/24/2019,1115.20,1115.25,1102.32,1102.32,193956992.00
2/25/2019,1102.45,1109.73,1100.13,1109.73,182428992.00
2/26/2019,1109.77,1110.22,1101.59,1102.56,149262000.00
2/27/2019,1103.65,1111.04,1103.17,1105.53,204516992.00
3/3/2019,1108.26,1108.84,1100.58,1100.58,221026000.00
3/5/2019,1100.95,1104.61,1098.95,1102.64,213340992.00
3/6/2019,1103.17,1111.76,1100.97,1111.76,211804992.00
3/7/2019,1112.45,1127.77,1112.45,1127.77,283819008.00
3/10/2019,1127.29,1129.41,1118.21,1128.71,102317000.00
3/11/2019,1129.51,1142.93,1125.94,1142.93,382284992.00
3/12/2019,1148.69,1163.26,1143.99,1163.26,513876992.00
3/13/2019,1157.85,1166.24,1150.10,1150.10,407008000.00
3/14/2019,1149.64,1156.19,1142.89,1155.50,263186000.00
3/17/2019,1156.18,1165.19,1156.18,1161.45,316537984.00
3/18/2019,1161.05,1164.62,1153.98,1153.98,279032000.00
3/19/2019,1155.72,1158.78,1147.15,1147.15,129145000.00
3/21/2019,1148.61,1150.30,1140.00,1140.60,248614000.00
3/24/2019,1141.33,1142.14,1131.14,1134.80,211912992.00
3/25/2019,1134.65,1139.71,1132.06,1138.67,216906000.00
3/26/2019,1138.86,1140.90,1136.70,1140.72,190316992.00
3/27/2019,1140.69,1142.81,1140.16,1142.61,208898000.00
3/28/2019,1142.00,1144.53,1140.56,1144.53,215416992.00
3/31/2019,1145.95,1149.81,1139.68,1143.09,241951008.00
4/1/2019,1142.65,1152.05,1142.06,1149.99,326448992.00
4/2/2019,1153.89,1164.41,1153.89,1163.82,472344992.00
4/3/2019,1163.71,1172.40,1158.79,1165.84,524422016.00
4/4/2019,1165.85,1169.87,1159.90,1165.20,386452000.00
4/7/2019,1164.94,1182.36,1161.66,1182.36,518228000.00
4/8/2019,1183.46,1197.88,1179.47,1191.68,864142976.00
4/9/2019,1191.78,1194.62,1180.00,1181.10,622529984.00
4/10/2019,1181.72,1187.98,1174.88,1184.61,358990016.00
4/11/2019,1184.29,1189.98,1180.18,1184.02,387624000.00
4/15/2019,1184.22,1188.71,1181.95,1188.71,289871008.00
4/16/2019,1187.73,1212.05,1187.73,1212.05,723990016.00
4/17/2019,1212.34,1223.42,1210.35,1217.04,803244992.00
4/18/2019,1217.11,1232.26,1214.95,1232.26,732081024.00
4/21/2019,1232.53,1264.20,1230.22,1264.20,1004000000.00
4/22/2019,1264.77,1280.08,1247.65,1256.94,1000550016.00
4/23/2019,1256.61,1268.32,1248.50,1260.68,561851008.00
4/24/2019,1265.11,1280.84,1261.69,1279.29,921345984.00
4/25/2019,1279.67,1296.92,1279.67,1292.12,1335980032.00
4/28/2019,1293.77,1322.88,1293.77,1314.51,1616089984.00
4/29/2019,1318.44,1322.95,1299.09,1310.31,1160230016.00
4/30/2019,1310.65,1316.53,1296.07,1298.60,913017984.00
5/2/2019,1298.80,1300.43,1282.95,1294.39,573145024.00
5/5/2019,1293.71,1293.71,1276.73,1277.68,628641024.00
5/6/2019,1278.00,1299.41,1270.06,1299.41,619564992.00
5/7/2019,1298.35,1311.18,1295.73,1301.28,699849024.00
5/8/2019,1301.39,1304.15,1295.32,1297.60,494902016.00
5/9/2019,1297.57,1302.62,1290.11,1291.96,605086976.00
5/12/2019,1292.12,1295.03,1284.17,1295.03,672155008.00
5/13/2019,1295.99,1301.68,1295.99,1301.34,775121984.00
5/14/2019,1307.84,1321.00,1307.84,1315.45,1007529984.00
5/15/2019,1316.79,1334.06,1316.21,1321.00,1302630016.00
5/16/2019,1322.68,1326.69,1313.93,1318.71,881396992.00
5/19/2019,1319.33,1322.09,1312.81,1316.84,1055840000.00
5/20/2019,1319.21,1322.85,1305.43,1307.71,1164889984.00
5/21/2019,1308.40,1317.79,1304.59,1312.14,796716992.00
5/22/2019,1314.94,1322.47,1314.82,1319.63,918484992.00
5/23/2019,1321.69,1324.15,1309.12,1314.55,913235968.00
5/26/2019,1315.97,1317.86,1301.32,1302.61,603897024.00
5/27/2019,1302.98,1309.90,1298.36,1302.96,499910016.00
5/28/2019,1304.22,1307.08,1300.45,1305.49,749068992.00
5/29/2019,1307.30,1315.16,1307.13,1313.88,884201024.00
5/30/2019,1328.62,1349.38,1317.67,1319.47,1504460032.00
6/2/2019,1317.91,1317.91,1304.53,1305.68,735995008.00
6/3/2019,1306.88,1308.63,1291.02,1292.84,664590016.00
6/4/2019,1292.86,1297.91,1286.37,1289.28,694590976.00
6/6/2019,1296.50,1296.80,1284.59,1284.59,579563008.00
6/10/2019,1285.49,1289.54,1274.62,1275.82,553347008.00
6/11/2019,1276.26,1281.32,1274.82,1275.99,459071008.00
6/12/2019,1276.09,1277.04,1267.17,1272.49,399464992.00
6/13/2019,1272.91,1274.83,1264.46,1269.55,418750016.00
6/16/2019,1271.18,1271.27,1256.85,1258.27,472520800.00
6/17/2019,1259.38,1264.97,1254.52,1260.90,403538144.00
6/18/2019,1261.04,1263.56,1258.36,1258.66,359411296.00
6/19/2019,1258.25,1262.11,1256.72,1258.46,304189632.00
6/20/2019,1258.90,1266.33,1257.93,1264.36,375315200.00
6/23/2019,1264.53,1264.53,1253.43,1254.35,481859744.00
6/24/2019,1254.67,1260.10,1253.01,1260.10,481492832.00
6/25/2019,1260.23,1264.52,1259.35,1261.07,364773344.00
6/26/2019,1261.10,1261.49,1255.45,1258.29,570123456.00
6/27/2019,1259.16,1260.43,1256.63,1257.15,627908800.00
6/30/2019,1258.31,1258.85,1244.81,1244.89,645099008.00
7/1/2019,1245.58,1245.68,1237.43,1241.61,364343808.00
7/2/2019,1242.83,1253.06,1238.77,1253.06,429477280.00
7/3/2019,1253.52,1270.04,1249.50,1268.68,550247808.00
7/4/2019,1269.48,1272.79,1258.87,1260.47,670169920.00
7/7/2019,1262.98,1263.82,1255.01,1256.04,540529472.00
7/8/2019,1256.15,1257.57,1245.62,1247.35,591053824.00
7/9/2019,1247.41,1252.20,1244.36,1250.27,468263776.00
7/10/2019,1250.43,1251.89,1246.15,1249.15,573447488.00
7/11/2019,1249.46,1251.09,1247.63,1248.53,460036576.00
7/14/2019,1248.94,1253.09,1248.59,1249.49,285214560.00
7/15/2019,1250.09,1254.56,1249.17,1254.56,430525920.00
7/16/2019,1285.48,1285.50,1256.46,1259.01,347289280.00
7/17/2019,1258.94,1274.86,1258.81,1274.86,426743456.00
7/18/2019,1275.71,1283.63,1272.49,1272.49,411369312.00
7/21/2019,1276.29,1276.31,1265.60,1268.74,298157120.00
7/22/2019,1268.77,1272.38,1267.92,1271.23,316643424.00
7/23/2019,1271.24,1279.42,1271.22,1277.17,368980864.00
7/24/2019,1277.48,1284.99,1276.07,1284.07,443481376.00
7/25/2019,1284.41,1284.41,1269.35,1269.92,550532160.00
7/28/2019,1266.63,1266.63,1250.18,1252.80,492673664.00
7/29/2019,1252.72,1259.69,1252.72,1255.98,350812576.00
7/30/2019,1256.01,1262.16,1256.01,1259.37,294305024.00
7/31/2019,1259.53,1267.73,1257.91,1265.57,370002048.00
8/1/2019,1265.52,1270.88,1262.55,1263.84,590588224.00
8/4/2019,1263.87,1266.37,1258.27,1259.64,474151744.00
8/5/2019,1260.30,1261.63,1253.50,1255.09,443205472.00
8/6/2019,1255.74,1255.74,1243.74,1245.73,450755168.00
8/7/2019,1245.20,1249.98,1239.55,1248.48,368645664.00
8/8/2019,1248.91,1248.91,1237.70,1238.56,454629568.00
8/11/2019,1236.62,1237.97,1229.69,1233.71,311756864.00
8/12/2019,1234.68,1236.82,1232.11,1233.85,314228928.00
8/13/2019,1234.59,1236.47,1229.06,1231.07,481629760.00
8/14/2019,1230.97,1231.49,1224.43,1225.90,257285008.00
8/15/2019,1225.11,1226.06,1221.80,1224.03,424323136.00
8/18/2019,1224.03,1226.07,1214.33,1214.83,329527904.00
8/19/2019,1214.96,1229.50,1210.80,1222.06,389625280.00
8/20/2019,1222.04,1222.87,1212.10,1213.63,272509024.00
8/21/2019,1213.96,1216.30,1209.77,1214.05,292641728.00
8/22/2019,1214.37,1220.90,1212.43,1213.06,261670203.00
8/25/2019,1212.76,1213.23,1201.71,1209.62,350269509.00
8/26/2019,1209.70,1210.24,1199.31,1203.13,380596571.00
8/27/2019,1203.42,1212.30,1203.40,1208.00,244668209.00
8/28/2019,1209.70,1213.46,1197.32,1197.75,371022592.00
8/29/2019,1198.49,1201.23,1194.09,1196.41,277359659.00
9/1/2019,1196.60,1198.51,1184.06,1184.78,297398003.00
9/2/2019,1184.93,1190.88,1167.81,1170.34,407569712.00
9/3/2019,1170.87,1190.90,1156.72,1190.90,510552041.00
9/4/2019,1192.21,1198.48,1183.40,1194.77,436444688.00
9/5/2019,1195.89,1196.92,1189.05,1191.07,290177357.00
9/8/2019,1192.07,1192.33,1176.41,1178.46,305310719.00
9/9/2019,1178.47,1180.28,1166.09,1168.91,299200764.00
9/10/2019,1168.91,1172.82,1161.20,1166.67,237959653.00
9/11/2019,1166.68,1168.06,1161.95,1163.21,341745136.00
9/12/2019,1163.71,1164.09,1156.37,1157.88,376184491.00
9/15/2019,1157.68,1160.55,1140.01,1140.01,288099912.00
9/16/2019,1140.49,1140.55,1122.02,1123.83,343918221.00
9/17/2019,1127.26,1152.51,1127.26,1150.74,383957426.00
9/18/2019,1150.65,1173.14,1150.65,1172.15,455311885.00
9/19/2019,1173.44,1178.28,1155.30,1155.30,399930871.00
9/22/2019,1155.30,1157.79,1135.18,1139.25,226950238.00
9/23/2019,1139.92,1147.85,1137.87,1140.98,177279039.00
9/24/2019,1140.99,1141.62,1132.72,1134.56,218278449.00
9/25/2019,1134.56,1135.26,1130.88,1131.53,166921799.00
9/26/2019,1131.52,1133.80,1128.61,1129.80,212541352.00
9/29/2019,1129.81,1131.87,1123.66,1125.14,241498554.00
9/30/2019,1125.49,1135.56,1121.09,1135.56,168828923.00
10/1/2019,1135.05,1146.11,1134.82,1145.69,311488652.00
10/2/2019,1145.69,1149.70,1140.07,1140.71,203287237.00
10/3/2019,1142.44,1149.40,1138.58,1149.40,176633514.00
10/10/2019,1149.03,1151.81,1148.13,1149.01,63845411.00
10/14/2019,1149.01,1151.52,1135.04,1136.96,218635691.00
10/15/2019,1138.38,1142.04,1135.86,1142.04,222452078.00
10/16/2019,1142.39,1142.71,1136.00,1137.03,196618963.00
10/17/2019,1137.03,1140.38,1135.87,1137.75,182994905.00
10/20/2019,1137.69,1138.99,1132.58,1133.71,113359956.00
10/21/2019,1133.73,1135.84,1130.14,1132.40,164349536.00
10/22/2019,1132.45,1134.81,1130.21,1134.79,165296005.00
10/23/2019,1135.40,1142.82,1135.40,1142.60,163757847.00
10/24/2019,1142.41,1150.47,1141.39,1149.34,327632258.00
10/31/2019,1149.74,1151.48,1143.07,1146.17,254312462.00
11/3/2019,1145.83,1146.88,1136.39,1139.29,175544472.00
11/4/2019,1139.57,1141.13,1135.96,1140.26,191854333.00
11/5/2019,1140.21,1141.86,1138.66,1139.45,284472501.00
11/6/2019,1139.49,1141.08,1136.74,1138.02,206253847.00
11/10/2019,1132.47,1135.90,1129.89,1131.80,293149044.00
11/7/2019,1138.27,1139.36,1131.33,1131.97,374150571.00
11/11/2019,1132.70,1147.74,1132.70,1145.57,549998241.00
11/12/2019,1146.14,1147.06,1138.57,1139.96,379849435.00
11/13/2019,1140.65,1140.65,1133.49,1135.16,275427886.00
11/14/2019,1135.15,1139.41,1133.67,1135.95,228357493.00
11/17/2019,1135.73,1137.25,1129.15,1131.36,355159768.00
11/18/2019,1131.40,1133.43,1128.00,1131.12,356861857.00
11/19/2019,1131.13,1132.40,1127.91,1129.99,259330595.00
11/20/2019,1130.01,1139.74,1127.63,1128.34,303724204.00
11/21/2019,1128.34,1128.69,1118.10,1120.60,297797071.00
11/24/2019,1120.62,1121.94,1108.76,1110.08,280534415.00
11/25/2019,1110.11,1112.15,1102.46,1110.08,288858484.00
11/27/2019,1109.09,1117.46,1108.02,1117.46,212363736.00
11/28/2019,1117.64,1119.63,1112.79,1112.79,243391320.00
11/26/2019,1110.08,1111.76,1107.57,1109.16,295869180.00
12/1/2019,1112.79,1114.31,1109.97,1112.85,206314323.00
12/2/2019,1112.87,1113.73,1110.98,1111.99,232259331.00
12/3/2019,1112.06,1117.82,1111.19,1115.74,266801558.00
12/4/2019,1116.12,1128.00,1116.12,1124.47,308214465.00
12/5/2019,1124.47,1134.93,1124.44,1131.92,358839860.00
12/8/2019,1131.92,1135.37,1125.81,1135.37,287527825.00
12/9/2019,1135.36,1155.06,1132.88,1148.89,464220392.00
12/10/2019,1149.09,1158.11,1147.43,1151.36,500328915.00
12/11/2019,1155.05,1166.15,1153.14,1161.47,551377852.00
12/12/2019,1162.25,1175.30,1159.91,1172.64,675173000.00
12/15/2019,1172.44,1181.70,1167.86,1167.86,686076111.00
12/16/2019,1167.82,1170.56,1153.23,1154.11,407900555.00
12/17/2019,1154.86,1158.36,1150.66,1155.37,279244135.00
12/18/2019,1155.32,1158.15,1150.14,1152.07,294709858.00
12/19/2019,1152.06,1154.28,1148.35,1149.64,419088133.00
12/22/2019,1149.62,1151.30,1147.67,1150.81,374466465.00
12/22/2019,1149.62,1151.30,1147.67,1150.81,374466465.00
12/23/2019,1150.92,1168.79,1150.92,1168.58,595764544.00
12/24/2019,1169.32,1176.70,1164.85,1166.21,721642965.00
12/25/2019,1166.56,1173.14,1165.77,1168.03,538340829.00
12/26/2019,1167.74,1170.45,1165.94,1167.41,588677887.00
12/29/2019,1166.86,1167.24,1159.23,1162.43,422453909.00
12/30/2019,1161.82,1167.95,1159.25,1167.95,622363488.00
12/31/2019,1168.61,1171.48,1163.02,1166.03,442256156.00